{
	"description": "项目配置文件",
	"packOptions": {
		"ignore": []
	},
	"setting": {
		"urlCheck": true,
		"es6": true,
		"postcss": true,
		"minified": true,
		"newFeature": true,
		"coverView": true,
		"autoAudits": false,
		"showShadowRootInWxmlPanel": true,
		"scopeDataCheck": false,
		"checkInvalidKey": true,
		"checkSiteMap": true,
		"uploadWithSourceMap": true,
		"babelSetting": {
			"ignore": [],
			"disablePlugins": [],
			"outputPath": ""
		}
	},
	"compileType": "miniprogram",
	"libVersion": "2.10.3",
	"appid": "wx61ae13459e6754f2",
	"projectname": "%E9%87%91%E6%A8%BD%E4%BC%98%E8%B4%AD",
	"debugOptions": {
		"hidedInDevtools": []
	},
	"isGameTourist": false,
	"simulatorType": "wechat",
	"simulatorPluginLibVersion": {},
	"condition": {
		"search": {
			"current": -1,
			"list": []
		},
		"conversation": {
			"current": -1,
			"list": []
		},
		"plugin": {
			"current": -1,
			"list": []
		},
		"game": {
			"currentL": -1,
			"list": []
		},
		"gamePlugin": {
			"current": -1,
			"list": []
		},
		"miniprogram": {
			"current": -1,
			"list": [
				{
					"id": 0,
					"name": "购物车",
					"pathName": "pages/cart/index",
					"query": "",
					"scene": null
				},
				{
					"id": -1,
					"name": "支付页面",
					"pathName": "pages/pay/index",
					"query": "",
					"scene": null
				},
				{
					"id": -1,
					"name": "授权",
					"pathName": "pages/auth/index",
					"query": "",
					"scene": null
				},
				{
					"id": 3,
					"name": "登录页面",
					"pathName": "pages/login/index",
					"query": "",
					"scene": null
				},
				{
					"id": -1,
					"name": "个人中心",
					"pathName": "pages/user/index",
					"query": "",
					"scene": null
				},
				{
					"id": 5,
					"name": "订单查询",
					"pathName": "pages/order/index",
					"query": "type=1",
					"scene": null
				},
				{
					"id": 6,
					"name": "我的收藏",
					"pathName": "pages/collect/index",
					"query": "type=1",
					"scene": null
				},
				{
					"id": -1,
					"name": "搜索中心",
					"pathName": "pages/search/index",
					"query": "",
					"scene": null
				},
				{
					"id": -1,
					"name": "意见反馈",
					"pathName": "pages/feedback/index",
					"query": "",
					"scene": null
				},
				{
					"id": -1,
					"name": "首页",
					"pathName": "pages/index/index",
					"query": "",
					"scene": null
				},
				{
					"id": -1,
					"name": "pages/index/index",
					"pathName": "pages/index/index",
					"scene": null
				}
			]
		}
	}
}